id,url,title,text,score,created_utc,subreddit,num_comments,upvote_ratio,over_18
1vwbnwp,https://www.reddit.com/r/u_Spondula_/comments/1vwbnwp/can_i_use_spondula_for_both_local_and/,Can I use Spondula for both local and international payments?,"This is actually one of the most important questions about what we're building.

Because if Spondula only became something you opened whenever somebody sent you money from another country, I don't think we'd have built what we set out to build.

Imagine you're in Mexico.

Someone in the United States sends you a payment through Spondula.

You receive it.

Great.

But what happens next?

The obvious answer might be that you exchange it, move it to your local bank and close Spondula until the next international payment arrives.

And of course, moving value back into your local financial system when you want to should be possible where the appropriate local routes are available.

But that's only one option.

What if somebody you need to pay is already on Spondula too?

Why move value out simply to send it somewhere else?

You could pay them through Spondula.

Maybe it's a friend.

Maybe it's somebody who did some work for you.

Perhaps it's another family member.

As more businesses start participating, perhaps it's eventually the coffee shop, local retailer or market trader you use every week.

That's when the idea becomes much bigger than international transfers.

You might have originally joined Spondula because somebody in another country wanted to pay you.

But the reason you keep using it could eventually be the people and businesses around you.

That's exactly what we want.

Global when you need it. Local when you don't.

The same SHandle.

The same Spondula wallet.

The same network.

I don't think people should need one financial identity for receiving internationally and another for paying somebody locally.

You're still you.

The person you're paying is still them.

Only the distance between you has changed.

This is particularly important when you think about how payment networks grow.

Suppose 100 people in a town have Spondula because they receive money from overseas.

That's useful to those 100 people.

But now imagine they start paying each other.

A local business notices customers already have Spondula and starts accepting it.

Its customers see the Spondula QR and some of them join.

A creator in the same town puts their SHandle in their profile.

A freelancer starts giving clients their SHandle.

Now something different is happening.

Spondula isn't simply delivering payments into the local economy.

It's becoming part of how people transact within the local economy.

That's the network we're trying to build.

And it matters in the opposite direction too.

Imagine you're already using Spondula locally and tomorrow you need to pay somebody in another country.

Why should you suddenly need to leave the network and find an “international payment service”?

If that person has an SHandle, they're another Spondula user.

Find them and send.

The international part should increasingly become something the network deals with rather than something the user has to organise.

Of course, Spondula isn't going to replace every local payment method, nor does it need to.

Different countries already have excellent local systems.

People will continue using bank accounts, cards and other payment methods.

The opportunity is to create another layer connecting people who previously sat inside separate systems.

That's why the local side of Spondula matters just as much as the global side.

If we build brilliantly from the US into Mexico but Spondula isn't useful once the payment arrives in Mexico, we've only solved half the problem.

The same applies to Nigeria, Pakistan, Ghana, Kenya, the Philippines, South Africa and every other country where Spondula grows.

Global gets the value there. Local gives people reasons to keep using the network.

And eventually I think that's when the distinction starts becoming less important.

You don't open one part of Spondula to make a domestic payment and another to make an international one.

You open Spondula.

You choose who you're paying.

You send.

Where they happen to be is increasingly a problem for the network, not for you.

That's what a genuinely global payment network should feel like.

Not an international money-transfer service you occasionally visit.

Something you can actually use every day.",1,1787502365.0,u_Spondula_,0,1.0,False
1vwbi4i,https://i.redd.it/ehyjoh66h5lh1.jpeg,RARE Brazilian Funk Jazz that was I discovered during the glory days of 105.1 CROSSOVER,"That song was aired for rarer times during my teenage years, and I am thrilled that it was a thing that I've rediscovered on a Coffee Lounge on my stop that earlier days...",2,1787502000.0,SoundTripPh,1,1.0,False
1vwbi3n,https://www.reddit.com/r/u_Doubleone6611/comments/1vwbi3n/day_11_post_aquablationpositive_experience_thus/,Day 11 post aquablation/Positive experience thus far,"Qualifications- 51yrs old with Intermittent weak stream t/o lifetime most noticeable about the age of 40 that progressively got worse up until procedure.  Urgency, spasms, hestitancy just became part of everyday life. Coffee and alcohol would send me into spasms and i would be running to the bathroom every 20 minutes.  Stream was similar to if you compress a water balloon and poke a hole in it.  If I didn’t get to bathroom immediately sometimes I was not able to go at all because i was so tense.  I also was having abdominal contractions as it would try to push through the obstruction.  I would spend about 3-5min in bathroom everyday 10-15x a day.  A few flareups with constipation and bladder spasms a few times a year (usually exacerbated when stressed or sitting for a long period of time).

  
Saw Urologist in my 40s as there is a strong familial history of prostate cancer.  They didn’t do much but say I had prostatitis and watchful waiting as I was too young for surgeries.  Switch urologist and Finally had cystoscopy about 6 months ago showed a massive median lobe. (Cystoscopy from what I had read online was nowhere near as horrible but was nonetheless uncomfortable. Next step was discussion about procedure in which I chose aquaablation.

  
The decision was simple for me I didnt think twice about scheduling I really was having a difficult time peeing and felt like my quality of life was poor. Aquaablation seemed best for preserving sexual function so again that aided my decision.  Also of note, daily Tadalifil (great drug) Alfluzosin were really not doing much to manage my symptoms and honestly they worked OK for about 6months to a year

  
Had to wait a few months for procedure and had it on August 12th as below.

  
Woke up with 24F foley catheter in.  The doctor said It would need to be in a week and I knew that would be bothersome but didn’t realize how much. Honestly the procedure was not very painful.  There was and still is some pressure in my rectal area around and i felt urgency as though I was peeing but they give you meds to help the spasms.   And since my symptoms were so severe prior the spasms were not to bad and I’ve had that tightness in my rectal area pretty much daily anyway.  But again no real pain other than catheter

They give you and antispasmodic that makes you thirsty and a bit uncoordinated. I only used for a short time but it is Ditropan.  They also give you Pyridium which helps with the burning but does dye your urine orange. I was told it was ok to take for up to a few weeks (you will need this on discharge).  The rest of the pain was managed with Tylenol. I had some blood that was essentially clear at the time of my discharge which was the next day.    

Things you will need with catheter in for a week.  

Stool softener/Fiber/Lax Take them.  Having a bowel movement with catheter is one of the most uncomfortable feelings i’ve have experienced. Constipation in addition makes it pure hell. I made numerous trips to the bathroom to thinking I had to go and then you feel the urgency as it passed though the rectum.  Keep it soft and u should prob add some daily Miralax.  Metamucil helps as well and since you got the cath in just chug it all down..

Lidocaine jelly/A/D- I asked my uro for the lidocaine and they gave it to me. You can apply it like anbesol but it will dry your penis out.  Triple antibiotic helps to a degree but honestly by day 7 my penis felt like there was barbed wire at the tip.  

Tylenol, Simethicone for gas (I had so much gas for about 6 days post procedure)

1 gallon of water daily divided into 2liters AM, 2liters PM

Sleeping for long periods of time is essentially impossible and when I would wake up the burning at the tip was.  Gotta sleep on back or if you can position yourself on the side with pillows its somewhat attainable but the gravity causes more pulling’

Anyhow my urine stayed clear the entire week and the only discomfort was cath and gas pains with constipation relieved by stool softeners and daily Miralax

  
Catheter came out the 19th.  About 9 out of 10 pain for approximately 2 seconds.  She filled my bladder with about 180ccs and left the room. I immediately urinaged 150cc back and was told the catheter could stay out.  I was out of pyridium at the time but did take AZOs which is the same thing and again was told this was ok.  

Was nervous to urinate as BPH controlled my life for 11yrs but when I did it was better than I ever urinated before.  Not sure if I am completely emptying my bladder but I do not experience the sensation of urine being in my bladder after I urinate. So far I’ve passed out a few very small scabs but urine has been clear since catheter removed. I do anticipate some more scabs for now the only sensation is some cramping by my pubic bone, minor burning, and pressure in the rectum. All of these symptoms are about a 2/3 in terms of annoyance than my daily 8/9 prior to surgery.

Today is the 23rd of August about 12 days since surgery and current results are incredible. I was told no heavy lifting or anything over 20lbs for a few weeks. Was told I could have sex 2 weeks post catheter removal might wait another week. Erections have returned and a bit painful if it lingers but nothing bad.  

I understand I am not out of the woods and have a long recovery ahead but so far it has been pretty manageable with tylenol/advil (used sparingly and after one week of surgery)  staying hydrated giving your body time to heal. It’s also crazy to think I am drinking so many fluids was not possible prior. 

I did try a cup of coffee had some bladder cramping and burning so have been sticking with decaf for now.  

  
At any rate, if your symptoms are significantly interfering with your life then get it done. There is no way of getting through the hell of the catheter but it’s a small price to pay to have your life back.  Do it now before you ruin your kidneys, bladder, etc…

Am here if anyone has any further questions.

",1,1787501998.0,u_Doubleone6611,0,1.0,False
1vwbhww,https://www.reddit.com/gallery/1vwbhww,"We do corporate gifting, looking for new clients for this festive season!!","I run a corporate gifting studio based out of noida! We are looking to cater to some clients this festive season and we ship PAN India and our MOQ is 25 pieces.

We can curate hampers basis your theme, budget, team size and customisations needed. We also do physical sampling of products if the qty is more than 200.

The first few photos are of the hampers that we dispatched last week and few in the end are from our this year’s Diwali catalogue. Each image is real just the last ones have an AI generated background in case someone thinks we are fake.

Would love to chat and know your thoughts in case you are planning to gift these to your clients and team.",4,1787501988.0,southdelhi,2,0.83,False
1vwbhi4,https://www.reddit.com/r/QuincyMa/comments/1vwbhi4/missed_connection_today_at_staples_gallivan_blvd/,Missed connection today at Staples Gallivan Blvd around 12 pm 08/23,"As usual, I regret I didn't ask you for your number while you're in the parking lot. You were returning a burgundy small purse and something else, you set your return to whole foods while you went to Staples. We were chatting on how to cancel and fix that on iPhone etc until you were able to do it. Glad it worked. Anyway If you're interested to grab a drink or coffee and you see this post please text me! I'm interested to get to know you better. Cheers and have a wonderful day. ",4,1787501964.0,QuincyMa,7,0.59,False
1vwbh8a,https://www.reddit.com/r/krakow/comments/1vwbh8a/expat_in_need_of_friends/,Expat in need of friends,"Heyo! I (26M) moved to Krakow with my GF and our cat about a month ago. I'd love meeting some people! I hope I can make some friends..or at least have a good chat.

I speak english and romanian. I am a tech worker. I'm a huge specialty coffee nerd and also into chinese tea (gong fu cha). I also do parkour and go to the gym, a workout buddy would come in handy!

  
Is anyone interested in meeting for a cup of coffee? Or at least have some advice on how to find friends?

PS: some people might be cautious thinking I will scam them some way. I'm happy to do whatever's needed to mitigate risks like that (we meet in a public place, you can join with another friend - even better, or whatever else makes both of us feel safe)",6,1787501950.0,krakow,2,0.87,False
